{
  "version": 1,
  "author": "Ceyda Çürükoğlu",
  "editor": "wokwi",
  "parts": [
    {
      "type": "board-esp32-devkit-c-v4",
      "id": "esp",
      "top": -297.6,
      "left": -407.96,
      "attrs": {}
    },
    {
      "type": "wokwi-dht22",
      "id": "dht1",
      "top": -422.1,
      "left": -648.6,
      "attrs": { "temperature": "27", "humidity": "45" }
    },
    { "type": "wokwi-relay-module", "id": "relay1", "top": -355, "left": -172.8, "attrs": {} },
    { "type": "wokwi-relay-module", "id": "relay2", "top": -249.4, "left": -163.2, "attrs": {} },
    { "type": "wokwi-photoresistor-sensor", "id": "ldr1", "top": -496, "left": -460, "attrs": {} },
    {
      "type": "wokwi-resistor",
      "id": "r1",
      "top": -437.65,
      "left": -144,
      "attrs": { "value": "1000" }
    },
    { "type": "wokwi-led", "id": "led1", "top": -502.8, "left": -73, "attrs": { "color": "red" } },
    {
      "type": "wokwi-buzzer",
      "id": "bz1",
      "top": -439.2,
      "left": -583.8,
      "attrs": { "volume": "0.1" }
    },
    {
      "type": "wokwi-lcd2004",
      "id": "lcd2",
      "top": -70.4,
      "left": -167.2,
      "attrs": { "pins": "i2c" }
    },
    {
      "type": "wokwi-pushbutton",
      "id": "btn1",
      "top": -176.2,
      "left": -134.4,
      "attrs": { "color": "green", "xray": "1" }
    },
    {
      "type": "wokwi-pushbutton",
      "id": "btn2",
      "top": -291.4,
      "left": -134.4,
      "attrs": { "color": "green", "xray": "1" }
    },
    { "type": "wokwi-gas-sensor", "id": "gas1", "top": -16.5, "left": -645.8, "attrs": {} }
  ],
  "connections": [
    [ "esp:TX", "$serialMonitor:RX", "", [] ],
    [ "esp:RX", "$serialMonitor:TX", "", [] ],
    [ "dht1:VCC", "esp:3V3", "red", [ "v0" ] ],
    [ "dht1:SDA", "esp:15", "cyan", [ "v249.6", "h345.7", "v-67.2" ] ],
    [ "dht1:GND", "esp:GND.1", "black", [ "v163.2", "h201.6" ] ],
    [ "relay1:IN", "esp:4", "#8f4814", [ "h-67.2", "v153.4" ] ],
    [ "relay1:VCC", "esp:3V3", "red", [ "h-230.4", "v67.2" ] ],
    [ "relay1:GND", "esp:GND.2", "black", [ "h-96", "v86" ] ],
    [ "relay2:IN", "esp:2", "magenta", [ "h-19.2", "v76.6" ] ],
    [ "relay2:GND", "esp:GND.3", "black", [ "h-105.6", "v-0.4" ] ],
    [ "relay2:VCC", "esp:3V3", "red", [ "h-57.6", "v-115.2", "h-201.6" ] ],
    [ "ldr1:VCC", "esp:3V3", "red", [ "h9.6", "v-48", "h-220.8", "v19.2" ] ],
    [ "ldr1:GND", "esp:GND.3", "black", [ "h28.8", "v258.8" ] ],
    [ "ldr1:AO", "esp:34", "gold", [ "h0", "v66.5", "h-163.2", "v9.6" ] ],
    [ "led1:A", "r1:2", "purple", [ "v0" ] ],
    [ "led1:C", "esp:GND.2", "black", [ "v96", "h-143.6", "v76.8" ] ],
    [ "r1:1", "esp:25", "purple", [ "v28.8", "h-336", "v220.8" ] ],
    [ "bz1:2", "esp:12", "gray", [ "v0" ] ],
    [ "lcd2:GND", "esp:GND.3", "black", [ "h-48", "v-105.6" ] ],
    [ "lcd2:VCC", "esp:3V3", "red", [ "h-57.6", "v96.1", "h-220.8", "v-268.8" ] ],
    [ "lcd2:SDA", "esp:21", "yellow", [ "h-86.4", "v-153.4" ] ],
    [ "lcd2:SCL", "esp:22", "blue", [ "h-105.6", "v-18.9" ] ],
    [ "bz1:1", "esp:3V3", "red", [ "v0" ] ],
    [ "btn1:2.l", "esp:GND.3", "black", [ "h-57.6", "v-67" ] ],
    [ "btn1:1.l", "esp:19", "green", [ "h-153.6", "v-28.8" ] ],
    [ "btn2:1.l", "esp:18", "limegreen", [ "h-96", "v96" ] ],
    [ "btn2:2.l", "esp:GND.3", "black", [ "h-67.2", "v48.2" ] ],
    [ "gas1:VCC", "esp:3V3", "red", [ "h9.6", "v-298.5" ] ],
    [ "gas1:GND", "esp:GND.1", "black", [ "h28.8", "v-164" ] ],
    [ "gas1:AOUT", "esp:35", "orange", [ "h48", "v-211.2" ] ]
  ],
  "dependencies": {}
}